ID,Comp. Number,Concept,Title,Summary,Tags
1,5,anxiety,natural remedies for managing sporadic anxiety,this article outlines various natural remedies to manage sporadic anxiety including questioning thought patterns practicing deep breathing using aromatherapy exercising and employing grounding techniques like journaling and the 333 rule,anxiety management deep breathing aromatherapy exercise grounding techniques mental health stress reduction natural remedies mindfulness journaling
2,5,anxiety,key strategies for stress reduction and anxiety management,the article emphasizes the importance of physical activity healthy eating adequate sleep mindfulness and avoiding alcohol and recreational drugs as key strategies for reducing stress and managing anxiety effectively, stress reduction anxiety management physical activity healthy eating sleep mindfulness meditation alcohol avoidance recreational drugs health and wellness
3,5,anxiety,key strategies for stress reduction and anxiety management, the article emphasizes the importance of physical activity healthy eating adequate sleep mindfulness and avoiding alcohol and recreational drugs as key strategies for reducing stress and managing anxiety effectively,stress reduction anxiety management physical activity healthy eating sleep mindfulness meditation alcohol avoidance recreational drugs health and wellness
4,5,anxiety,strategies and techniques,the article offers various strategies to manage anxiety including breathing techniques exercise the 54321 coping technique visualizing humorous moments and engaging in distracting activities emphasizing awareness and selfcompassion in dealing with anxious episodes,anxiety management breathing techniques exercise coping skills visualization distraction selfcompassion mindfulness 54321 technique mental health
5,5,anxiety,5minute selfcare strategies,the article provides a comprehensive list of 5minute selfcare strategies including mindful breathing decluttering yoga stretches gratitude exercises outdoor walks sipping mindful beverages day planning sustainable beauty routines guided visualization writing exercises desk yoga and more aimed at enhancing mental and physical wellness in a short time,selfcare mindfulness yoga gratitude exercise breathing techniques visualization journaling decluttering wellness ecofriendly mental health
6,5,anxiety,how to do progressive relaxation the tensionrelaxation response,this article outlines the steps for performing progressive relaxation a relaxation technique that involves tensing and then relaxing different muscle groups in the body to reduce stress and anxiety,progressive relaxation stress reduction anxiety management mindfulness deep breathing muscle relaxation mental health tension release relaxation techniques selfcare
7,5,anxiety,the role of uncertainty in life,this article discusses the challenges of coping with uncertainty in various aspects of life such as health and finances and offers strategies for managing related stress and anxiety including mindfulness focusing on controllable factors and embracing present moments,uncertainty stress management anxiety mindfulness coping strategies mental health emotional wellbeing present focus personal control adaptability
8,5,anxiety,the effects of worry and anxious thoughts,this article addresses the effects of worry and anxiety on physical and emotional health detailing strategies to manage and reduce excessive worrying such as creating a daily worry period challenging anxious thoughts and embracing uncertainty,worry anxiety mental health cognitive distortions stress management emotional wellbeing mindfulness problem solving uncertainty chronic worry
9,5,anxiety,physical and psychological symptoms of anxiety,this article discusses the physical and psychological symptoms of anxiety including nervousness panic attacks rapid heart rate sleep problems and how longterm anxiety affects the body such as respiratory changes cardiovascular response impaired immune function digestive issues and urinary response along with potential longterm effects like depression chronic pain and increased risk of suicide,anxiety symptoms physical health psychological impact stress hormones immune function digestive health respiratory changes cardiovascular system longterm effects
10,5,anxiety,cognitive behavioral therapy cbt for anxiety,this article discusses cognitive behavioral therapy cbt for anxiety explaining how it addresses negative thought patterns and behaviors involves techniques like thought challenging and exposure therapy and can be complemented by exercise relaxation techniques and a healthy lifestyle,cbt anxiety treatment thought patterns behavior therapy exposure therapy relaxation techniques stress management mindfulness healthy lifestyle mental health
11,5,anxiety,understanding panic attacks and panic disorder,this article provides a comprehensive overview of panic attacks detailing their unexpected and intense nature various symptoms differences from anxiety attacks and connections to panic disorder and agoraphobia while also discussing causes and selfhelp tips,panic attacks panic disorder agoraphobia anxiety mental health symptoms treatment selfhelp stress management health education
12,2,depression,understanding depression and covid19, explores the impact of the covid19 pandemic on mental health emphasizing the exacerbation of depressive symptoms due to isolation economic stress and health worries,depression covid19 pandemic mental health isolation economic stress health helpguide coping support
13,2,depression,understanding depression in women,discusses the unique factors contributing to depression in women such as hormonal changes social pressures and the female response to stress,depression women hormones social pressure stress helpguide mental health coping therapy support
14,2,depression,setting boundaries to manage depression,highlights the importance of setting boundaries for individuals with depression to conserve energy and manage symptoms effectively,depression boundaries energy management mental health selfcare helpguide coping stress wellness support
15,2,depression,coping strategies for depression,offers practical tips for coping with depression including exercise journaling setting goals and engaging in enjoyable activities,depression coping exercise journaling goals helpguide mental health wellness selfhelp activities
16,2,depression,recognizing a dual diagnosis drugs and depression,discusses the complexities of dual diagnosis involving substance abuse and depression highlighting the need for integrated treatment approaches,dual diagnosis substance abuse depression treatment helpguide mental health alcohol drugs therapy recovery
17,2,depression,cbt techniques for depression,describes various cognitive behavioral therapy cbt techniques for treating depression including cognitive restructuring and mindfulness,cbt depression therapy cognitive restructuring mindfulness helpguide mental health coping treatment strategies
18,2,depression,the importance of safe spaces for mental health,explores the role of safe spaces in mental health especially for marginalized communities offering support belonging and validation,safe spaces mental health marginalized support community helpguide empowerment validation bipoc inclusion
19,2,depression,why do you need to set boundaries when you have depression,emphasizes the importance of setting boundaries for those with depression advocating selfcare and the power of saying no to conserve energy,depression boundaries selfcare healthyplace mental health energy management assertiveness wellness coping therapy
20,2,depression,coping with depression small steps for big improvements,provides a guide on small yet effective steps to cope with depression including exercise setting attainable goals and creating routines,depression coping small steps healthline exercise goals routine mental health wellness selfhelp
21,2,depression,substance abuse and mental health dual diagnosis,addresses the interconnection between substance abuse and mental health focusing on the signs and treatment of dual diagnosis,substance abuse mental health dual diagnosis helpguide treatment alcohol drugs therapy recovery coping
22,2,depression,common cbt techniques for managing depression,explores seven common cbt techniques used for managing depression including activity scheduling and thought journaling,cbt depression techniques choosing therapy cognitive restructuring journaling mindfulness mental health coping therapy
23,3,anger issues,strategies to keep anger at bay,the article offers a range of practical techniques for managing anger including relaxation exercises cognitive reframing improving communication and seeking professional help all aimed at reducing the negative impact of anger on personal and professional life,relaxation techniques cognitive restructuring communication skills stress reduction humor environmental changes counseling problemsolving emotional regulation 
24,3,anger issues,strategies to control anger,the article offers a comprehensive guide on understanding and managing anger through various strategies including relaxation techniques cognitive reframing effective communication and recognizing personal anger triggers to improve overall health and relationships,relaxation techniques cognitive restructuring emotional wellbeing physical health communication skills stress reduction personal triggers healthy coping physical activity 
25,3,anger issues,understanding anger,the article provides an indepth understanding of anger highlighting its potential negative impacts on health and relationships and offers various strategies for managing anger in a healthy and constructive manner,emotional wellbeing cognitive restructuring physical health communication skills relaxation techniques professional therapy stress management relationship management healthy coping mechanisms 
26,3,anger issues,how can i manage my anger better,the article offers practical advice on managing anger detailing its impact on health and providing strategies such as talking it out deep breathing understanding the root causes walking away from triggering situations using humor exercising and seeking professional help particularly through cognitivebehavioral therapy,mental health stress reduction emotional regulation cognitivebehavioral therapy physical health deep breathing professional therapy exercise healthy habits 
27,3,anger issues,anger domestic violence and addiction,the article discusses how childhood exposure to domestic violence and substance abuse can lead to a cycle of anger and addiction influencing an individuals behavioral and emotional health and emphasizes the importance of effective anger management and healthy coping mechanisms,anger domestic violence addiction substance abuse mental health childhood trauma emotional regulation behavioral health coping mechanisms substance use disorders
28,3,anger issues,anger rage aggression,the article explores the nature of anger its causes manifestations and impacts on mental and physical health and offers insights into managing anger through selfawareness and various coping strategies,anger emotional health aggression stress response mental health anger management cognitive appraisal psychological wellbeing personality traits behavioral health
29,3,anger issues,when emotional brakes fail,the article explores the neurological basis of anger in individuals with major depressive disorder highlighting how the failure of the brains emotional regulation mechanisms can lead to uncontrolled angry outbursts,anger neuroscience depression amygdala mental health emotional regulation psychiatry brain research aggression harvard medicine
30,3,anger issues,anger management techniques for teens,the article addresses the complexities of teen anger exploring its roots in developmental changes and emotional needs and provides strategies for managing and expressing anger in healthy ways,teenagers anger management emotional health adolescence therapy selfexpression mental wellbeing parenting communication skills stress management
31,3,anger issues,the impact of childhood trauma on adult functioning,the article emphasizes the critical role of establishing and maintaining healthy personal boundaries for survivors of childhood trauma to manage anger and enhance mental wellbeing,trauma boundaries anger childhood mental health selfcare relationships healing communication assertiveness
32,3,anger issues,how to control your anger longterm,the article provides comprehensive guidance on managing anger longterm emphasizing the importance of recognizing early signs of anger understanding personal triggers modifying thought patterns enhancing communication skills and making healthy lifestyle choices,anger management emotions communication triggers lifestyle stress mindfulness therapy wellbeing
27,4,eating disorders,eating disorders and recovery,the article offers a detailed approach to recovering from an eating disorder covering aspects like understanding the disorder seeking support obtaining professional treatment and learning sustainable selfhelp strategies for longterm recovery and maintenance,eating disorder recovery emotional coping support systems professional treatment selfhelp strategies mental health cognitive restructuring healthier eating habits relapse prevention selfacceptance
28,4,eating disorders,comprehensive guide to eating disorder recovery,the document provides an indepth exploration of the multifaceted journey of eating disorder recovery emphasizing the importance of physical behavioral and psychological healing alongside the crucial role of support systems strategies for relapse prevention and personalized recovery approaches,recovery eating disorders behavioral health psychological healing support systems relapse prevention personal growth treatment selfcare mental health
29,4,eating disorders,cbt techniques in eating disorder treatment,the document details the various cognitivebehavioral therapy cbt techniques used in treating eating disorders emphasizing cognitive restructuring coping strategies nutritional counseling and relapse prevention all aimed at modifying unhealthy thoughts managing triggers and sustaining recovery,cbt eating disorders cognitive restructuring coping strategies nutritional counseling relapse prevention mental health therapy behavioral change recovery
30,4,eating disorders,treatment strategies for disordered eating addressing dysfunctional thoughts,the article outlines various treatment strategies for disordered eating focusing on the role of cognitive distortions in driving unhealthy eating behaviors and detailing approaches like cognitive behavioral therapy cbt acceptance and commitment therapy act and dialectical behavior therapy dbt to modify these thought patterns,disordered eating treatment cognitive distortions cbt act dbt behavioral changes psychological therapy eating disorders mental health
31,4,eating disorders,strategies to recognize and challenge your eating disorder,this document discusses strategies for recognizing and challenging disordered eating thoughts highlighting coping strategies and the importance of addressing both behaviors and underlying thought patterns,eating disorder coping strategies behavioral change emotional support cognitive reframing body image mindfulness therapy nutrition selfacceptance
32,4,eating disorders,cognitive approaches to treating disordered eating,this document explains how distorted thoughts contribute to disordered eating and outlines various therapeutic strategies like cbt act and dbt to challenge and change these dysfunctional thought patterns,disordered eating cognitive distortions cbt act dbt therapy behavioral experiments coping strategies mindfulness eating disorders
33,4,eating disorders,safe coping skills in eating disorder recovery,this document discusses the importance of developing safe coping skills during eating disorder recovery emphasizing the need for understanding and patience and offers three specific strategies to aid in maintaining healthy progress,eating disorder recovery coping skills understanding persistence trigger management relapse prevention mental health selfcare emotional stability
34,4,eating disorders,effective coping skills used in eating disorder recovery,the document outlines various effective coping skills for eating disorder recovery emphasizing the importance of addressing triggering situations and emotions through taskoriented emotionoriented and avoidanceoriented strategies to facilitate sustained recovery and improve mental wellbeing,eating disorder recovery coping skills mindfulness therapy mental health emotions avoidance strategies taskoriented emotionoriented
35,4,eating disorders,coping strategies and personality characteristics in patients with eating disorders,this article examines coping strategies in patients with eating disorders their relation to personality traits and contrasts these strategies with those in a control group and patients with other mental disorders revealing significant differences in coping methods and personality features between anorexic and bulimic patients,eating disorders coping strategies personality traits anorexia bulimia mental health selfcriticism problem solving introversion emotional managemen
36,4,eating disorders,exposure therapy in eating disorder recovery,this article explains how exposure therapy a treatment modality for various mental health conditions including eating disorders works by safely exposing individuals to their fears or anxieties to reduce their impact and details its application for eating disorders and cooccurring conditions like anxiety and ocd,exposure therapy eating disorders mental health anxiety ocd anorexia nervosa binge eating bulimia nervosa arfid cognitive behavioral therapy
37,4,eating disorders,meal plan approaches in eating disorder recovery,this article discusses various meal plan approaches for individuals with eating disorders detailing exchangebased entresides and intuitive eating plans to help manage and heal from disordered eating by focusing on structured balanced nutrition and reconnecting with body cues,eating disorders meal plans nutrition exchangebased plan entresides plan intuitive eating anorexia nervosa bulimia nervosa arfid food satisfaction
38,6,self improvement,understanding and enhancing mental health,this article explores the concept of mental health emphasizing that its more than just the absence of mental illness and involves positive characteristics like resilience emotional balance and the ability to handle stress and enjoy life while offering strategies to enhance mental health such as social connection exercise stress management and finding purpose,mental health emotional wellness resilience stress management social connection exercise sleep purpose positive psychology mental wellbeing
39,6,self improvement,emotional intelligence eq and its importance,this article discusses emotional intelligence eq detailing its importance in managing emotions positively to communicate effectively empathize and handle stress and outlines the four key eq skills selfmanagement selfawareness social awareness and relationship management with a focus on their role in personal and professional success,emotional intelligence eq selfawareness social awareness relationship management stress relief effective communication personal growth empathy mental health
40,6,self improvement,the keys to happiness,this article explores the concept of happiness debunking common myths such as the need for money relationships or youth for happiness and emphasizing that true longlasting happiness comes from within through practices like expressing gratitude nurturing relationships living in the moment helping others and maintaining physical health,happiness gratitude relationships mindfulness volunteering positive psychology health and wellness mental health personal development emotional wellbeing
41,6,self improvement,what is time management  working smarter to enhance productivity,this article delves into time management explaining it as the process of organizing and planning time between activities to enhance productivity and efficiency offering tips such as prioritizing tasks using tools and apps setting smart goals and creating structured routines all aimed at working smarter not harder,time management productivity efficiency smart goals prioritization scheduling goal setting concentration focus stress reduction professional development
42,6,self improvement,the importance of setting boundaries in work and life,this article emphasizes the importance of setting boundaries in work and personal life discussing how boundaries help manage time and energy the challenges in establishing them and practical steps for defining and implementing both hard nonnegotiable and soft aspirational boundaries for improved wellbeing and productivity,worklife balance time management personal development setting boundaries stress reduction healthy habits productivity selfcare professional growth personal priorities
43,6,self improvement,mastering effective communication skills,this article delves into the concept of effective communication emphasizing the importance of not only conveying clear messages but also understanding the emotions and intentions behind them and discusses common barriers to effective communication along with skills to enhance listening nonverbal cues stress management and assertiveness for better personal and professional interactions,effective communication listening skills nonverbal communication stress management assertiveness interpersonal skills emotional intelligence conflict resolution professional development relationship building
44,6,self improvement,building effective habits for mental health and wellness,this article explores the psychological concept of habits as automatic learned responses emphasizing their benefits in mental health and general wellness and provides practical strategies for building new habits such as rewarding oneself setting approachoriented goals using visual reminders removing temptations and maintaining consistency along with examples of good habits to cultivate,habit formation mental health wellness selfcare positive reinforcement goal setting consistency in habits stress management worklife balance gratitude practice healthy lifestyle personal development
45,6,self improvement,comprehensive guide to selfcare balancing physical social mental spiritual and emotional wellbeing,this article delves into the various aspects of selfcare covering physical social mental spiritual and emotional selfcare emphasizing the importance of each area in maintaining overall wellbeing and offering questions for selfassessment to help readers identify areas needing improvement,selfcare physical health social wellbeing mental stimulation spiritual practices emotional coping skills health and wellness personal development mindbody connection stress management healthy relationships life balance
46,6,self improvement,seven proven coping mechanisms for managing mental illness,this article provides a comprehensive guide to seven effective coping mechanisms for managing mental illness including radical acceptance deep breathing oppositetoemotion thinking the 5 senses technique mental reframing emotion awareness and the importance of acknowledging and addressing mental health symptoms,mental health coping mechanisms radical acceptance deep breathing emotional management mental reframing sensory grounding selfawareness psychological techniques mental illness recovery stress reduction anxiety management
47,6,self improvement,comprehensive guide to selfimprovement techniques importance and resources,this comprehensive guide explains selfimprovement emphasizing its importance for personal growth and offers practical techniques such as setting smart goals prioritizing selfcare continuous learning time management and using resources like online courses books and tools to enhance ones life in various aspects including personal professional and emotional wellbeing,selfimprovement personal growth selfcare learning time management goal setting mental health wellness professional development emotional intelligence financial management relationships life skills
48,6,self improvement,smart goals a framework for achieving success,this article introduces smart goals as a framework for making goals achievable focusing on the criteria of specific measurable achievable relevant and timebound and explaining how to write effective goals using these criteria for better focus motivation and success in personal and professional endeavors,smart goals goal setting personal development professional growth time management achievable objectives success strategies productivity focus motivation
49,6,self improvement,understanding and managing borderline personality disorder,this comprehensive article delves into borderline personality disorder bpd exploring its symptoms causes treatment options and coping strategies emphasizing its treatability and the importance of specialized therapy selfhelp techniques and understanding the conditions impact on emotions and relationships,borderline personality disorder mental health bpd symptoms treatment coping strategies therapy emotional regulation relationships selfhelp personality disorders
50,6,self improvement,comprehensive guide to stress management,this article outlines effective strategies for managing stress emphasizing the importance of identifying stress sources adopting healthier coping mechanisms practicing stress management techniques like the 4 as avoid alter adapt accept staying physically active connecting with others finding time for relaxation managing time effectively maintaining a balanced lifestyle and learning to relieve stress quickly in the moment,stress management coping strategies mental health relaxation techniques time management physical activity emotional wellbeing healthy lifestyle quick stress relief
51,6,self improvement,understanding and managing obsessivecompulsive disorder ocd,this comprehensive article explains obsessivecompulsive disorder ocd highlighting its characteristics as a condition marked by persistent unwanted thoughts obsessions and repetitive behaviors compulsions and discussing various strategies for managing and treating ocd including therapy lifestyle changes and understanding and support from family and friends,ocd mental health obsessions compulsions stress management cognitivebehavioral therapy family support lifestyle changes anxiety disorders
52,6,self improvement,the power of gratitude enhancing wellbeing and relationships,the article explores the concept of gratitude as a powerful tool to enhance wellbeing highlighting its ability to shift focus from negative to positive aspects of life improve mental health and foster stronger relationships while offering practical tips for cultivating gratitude through mindfulness journaling appreciation notes and reframing past experiences,gratitude wellbeing mental health positive thinking mindfulness journaling relationships personal growth
